Image Name,PSNR,MSE,RMSE,Compression Ratio
org,27.764349110381144,108.80414732510287,0.12423786725931286,1.1402957242107694
p1,30.830566117269438,53.70611644444445,0.06864925610189906,1.723417672570215
q9,37.42254998885876,11.771325311022762,0.02871408758719599,3.503282418403144
